,level_0,index,Unnamed: 0,Unnamed: 0.1,Buy/Sell,Transaction Date,Acceptance Date Time,Issuer Name,Issuer Trading Symbol,Reporting Owner Name,Reporting Owner Relationship,Transcation Share,Price Per share,Total Value,Shares Owned Following Transaction,Form,sector,market_cap,new_trans_date,Adj Close,Adj Close day1,Adj Close day2,Adj Close day3,Adj Close day4,Adj Close day5,Adj Close month,Adj Close 6month,Adj Close year
0,52,52,52,52,Sell,2017-01-03,2017-01-06 18:04:22,SYNNEX CORP,SNX,POLK DENNIS, officer,"1,000",$122.1200,"$122,120.0000","47,859",Form 4,Technology,4874578787.24,"time.struct_time(tm_year=2017, tm_mon=1, tm_mday=3, tm_hour=0, tm_min=0, tm_sec=0, tm_wday=1, tm_yday=3, tm_isdst=-1)",118.02661895751953,120.25593566894531,120.04176330566406,118.4452133178711,117.4035873413086,118.90276336669922,116.41525268554688,112.56246185302734,114.89932250976562
1,1390,1390,1390,1390,Sell,2017-01-03,2017-01-05 09:56:03,SYNNEX CORP,SNX,BREIDENBACH FRED A, director,390,$122.1200,"$47,626.8000","18,979",Form 4,Technology,4874578787.24,"time.struct_time(tm_year=2017, tm_mon=1, tm_mday=3, tm_hour=0, tm_min=0, tm_sec=0, tm_wday=1, tm_yday=3, tm_isdst=-1)",118.02661895751953,120.25593566894531,120.04176330566406,118.4452133178711,117.4035873413086,118.90276336669922,116.41525268554688,112.56246185302734,114.89932250976562
2,12927,12927,12927,12927,Sell,2016-12-01,2016-12-05 09:41:06,SYNNEX CORP,SNX,POLK DENNIS, officer,"1,000",$116.9500,"$116,950.0000","52,859",Form 4,Technology,4874578787.24,"time.struct_time(tm_year=2016, tm_mon=12, tm_mday=1, tm_hour=0, tm_min=0, tm_sec=0, tm_wday=3, tm_yday=336, tm_isdst=-1)",114.38575744628906,115.58314514160156,118.47442626953125,119.41871643066406,121.07367706298828,123.42953491210938,119.54659271240234,111.51394653320312,110.48277282714844
3,25507,25507,25507,25507,Sell,2016-10-31,2016-11-02 10:53:30,SYNNEX CORP,SNX,MIAU MATTHEW, director,"3,000",$102.0870,"$306,260.0000","4,208,890",Form 4,Technology,4874578787.24,"time.struct_time(tm_year=2016, tm_mon=10, tm_mday=31, tm_hour=0, tm_min=0, tm_sec=0, tm_wday=0, tm_yday=305, tm_isdst=-1)",99.82225036621094,98.39122009277344,98.42041778564453,98.02128601074219,97.99207305908203,101.2240982055664,123.98442077636719,118.76528930664062,102.23262786865234
4,25703,25703,25703,25703,Sell,2016-10-31,2016-11-01 21:25:54,SYNNEX CORP,SNX,Synnex Technology International CORP, other,"3,000",$102.0870,"$306,260.0000","4,208,890",Form 4,Technology,4874578787.24,"time.struct_time(tm_year=2016, tm_mon=10, tm_mday=31, tm_hour=0, tm_min=0, tm_sec=0, tm_wday=0, tm_yday=305, tm_isdst=-1)",99.82225036621094,98.39122009277344,98.42041778564453,98.02128601074219,97.99207305908203,101.2240982055664,123.98442077636719,118.76528930664062,102.23262786865234
5,26121,26121,26121,26121,Sell,2016-10-28,2016-10-31 21:12:18,SYNNEX CORP,SNX,SILVER STAR DEVEOPMENTS LTD, 10% owner,681,$103.1670,"$70,256.5000","5,448,880",Form 4,Technology,4874578787.24,"time.struct_time(tm_year=2016, tm_mon=10, tm_mday=28, tm_hour=0, tm_min=0, tm_sec=0, tm_wday=4, tm_yday=302, tm_isdst=-1)",99.18948364257812,99.82225036621094,98.39122009277344,98.42041778564453,98.02128601074219,97.99207305908203,122.13477325439453,118.86328125,101.93621826171875
6,26384,26384,26384,26384,Sell,2016-10-28,2016-10-31 14:13:17,SYNNEX CORP,SNX,MIAU MATTHEW, director,681,$103.1670,"$70,256.5000","5,448,880",Form 4,Technology,4874578787.24,"time.struct_time(tm_year=2016, tm_mon=10, tm_mday=28, tm_hour=0, tm_min=0, tm_sec=0, tm_wday=4, tm_yday=302, tm_isdst=-1)",99.18948364257812,99.82225036621094,98.39122009277344,98.42041778564453,98.02128601074219,97.99207305908203,122.13477325439453,118.86328125,101.93621826171875
7,26527,26527,26527,26527,Sell,2016-10-26,2016-10-28 13:35:46,SYNNEX CORP,SNX,MIAU MATTHEW, director,"3,100",$103.8720,"$322,005.0000","5,450,760",Form 4,Technology,4874578787.24,"time.struct_time(tm_year=2016, tm_mon=10, tm_mday=26, tm_hour=0, tm_min=0, tm_sec=0, tm_wday=2, tm_yday=300, tm_isdst=-1)",100.33821105957031,99.90013122558594,99.18948364257812,99.82225036621094,98.39122009277344,98.42041778564453,123.42953491210938,118.59870910644531,101.58052825927734
8,26528,26528,26528,26528,Sell,2016-10-26,2016-10-28 13:35:46,SYNNEX CORP,SNX,MIAU MATTHEW, director,"3,000",$104.0100,"$312,030.0000","5,459,760",Form 4,Technology,4874578787.24,"time.struct_time(tm_year=2016, tm_mon=10, tm_mday=26, tm_hour=0, tm_min=0, tm_sec=0, tm_wday=2, tm_yday=300, tm_isdst=-1)",100.33821105957031,99.90013122558594,99.18948364257812,99.82225036621094,98.39122009277344,98.42041778564453,123.42953491210938,118.59870910644531,101.58052825927734
9,26529,26529,26529,26529,Sell,2016-10-26,2016-10-28 13:35:46,SYNNEX CORP,SNX,MIAU MATTHEW, director,"5,900",$103.6100,"$611,299.0000","5,453,860",Form 4,Technology,4874578787.24,"time.struct_time(tm_year=2016, tm_mon=10, tm_mday=26, tm_hour=0, tm_min=0, tm_sec=0, tm_wday=2, tm_yday=300, tm_isdst=-1)",100.33821105957031,99.90013122558594,99.18948364257812,99.82225036621094,98.39122009277344,98.42041778564453,123.42953491210938,118.59870910644531,101.58052825927734
10,26676,26676,26676,26676,Sell,2016-10-26,2016-10-28 13:35:46,SYNNEX CORP,SNX,MIAU MATTHEW, director,"2,000",$104.1460,"$208,291.0000","5,462,760",Form 4,Technology,4874578787.24,"time.struct_time(tm_year=2016, tm_mon=10, tm_mday=26, tm_hour=0, tm_min=0, tm_sec=0, tm_wday=2, tm_yday=300, tm_isdst=-1)",100.33821105957031,99.90013122558594,99.18948364257812,99.82225036621094,98.39122009277344,98.42041778564453,123.42953491210938,118.59870910644531,101.58052825927734
11,26677,26677,26677,26677,Sell,2016-10-26,2016-10-28 13:35:46,SYNNEX CORP,SNX,MIAU MATTHEW, director,"5,300",$103.8200,"$550,246.0000","4,211,890",Form 4,Technology,4874578787.24,"time.struct_time(tm_year=2016, tm_mon=10, tm_mday=26, tm_hour=0, tm_min=0, tm_sec=0, tm_wday=2, tm_yday=300, tm_isdst=-1)",100.33821105957031,99.90013122558594,99.18948364257812,99.82225036621094,98.39122009277344,98.42041778564453,123.42953491210938,118.59870910644531,101.58052825927734
12,26678,26678,26678,26678,Sell,2016-10-26,2016-10-28 13:35:46,SYNNEX CORP,SNX,MIAU MATTHEW, director,"1,200",$103.8780,"$124,653.0000","5,449,560",Form 4,Technology,4874578787.24,"time.struct_time(tm_year=2016, tm_mon=10, tm_mday=26, tm_hour=0, tm_min=0, tm_sec=0, tm_wday=2, tm_yday=300, tm_isdst=-1)",100.33821105957031,99.90013122558594,99.18948364257812,99.82225036621094,98.39122009277344,98.42041778564453,123.42953491210938,118.59870910644531,101.58052825927734
13,26679,26679,26679,26679,Sell,2016-10-26,2016-10-28 13:35:46,SYNNEX CORP,SNX,MIAU MATTHEW, director,"2,000",$104.2500,"$208,500.0000","4,217,190",Form 4,Technology,4874578787.24,"time.struct_time(tm_year=2016, tm_mon=10, tm_mday=26, tm_hour=0, tm_min=0, tm_sec=0, tm_wday=2, tm_yday=300, tm_isdst=-1)",100.33821105957031,99.90013122558594,99.18948364257812,99.82225036621094,98.39122009277344,98.42041778564453,123.42953491210938,118.59870910644531,101.58052825927734
14,26716,26716,26716,26716,Sell,2016-10-26,2016-10-27 21:03:10,SYNNEX CORP,SNX,Synnex Technology International CORP, other,"2,000",$104.2500,"$208,500.0000","4,211,890",Form 4,Technology,4874578787.24,"time.struct_time(tm_year=2016, tm_mon=10, tm_mday=26, tm_hour=0, tm_min=0, tm_sec=0, tm_wday=2, tm_yday=300, tm_isdst=-1)",100.33821105957031,99.90013122558594,99.18948364257812,99.82225036621094,98.39122009277344,98.42041778564453,123.42953491210938,118.59870910644531,101.58052825927734
15,26717,26717,26717,26717,Sell,2016-10-26,2016-10-27 20:57:57,SYNNEX CORP,SNX,MiTAC International CORP, 10% owner,"1,200",$103.8780,"$124,653.0000","5,454,560",Form 4,Technology,4874578787.24,"time.struct_time(tm_year=2016, tm_mon=10, tm_mday=26, tm_hour=0, tm_min=0, tm_sec=0, tm_wday=2, tm_yday=300, tm_isdst=-1)",100.33821105957031,99.90013122558594,99.18948364257812,99.82225036621094,98.39122009277344,98.42041778564453,123.42953491210938,118.59870910644531,101.58052825927734
16,26718,26718,26718,26718,Sell,2016-10-26,2016-10-27 20:57:57,SYNNEX CORP,SNX,MiTAC International CORP, 10% owner,"3,100",$103.8730,"$322,005.0000","5,455,760",Form 4,Technology,4874578787.24,"time.struct_time(tm_year=2016, tm_mon=10, tm_mday=26, tm_hour=0, tm_min=0, tm_sec=0, tm_wday=2, tm_yday=300, tm_isdst=-1)",100.33821105957031,99.90013122558594,99.18948364257812,99.82225036621094,98.39122009277344,98.42041778564453,123.42953491210938,118.59870910644531,101.58052825927734
17,26865,26865,26865,26865,Sell,2016-10-26,2016-10-27 21:03:10,SYNNEX CORP,SNX,PEER DEVELOPMENTS LTD, 10% owner,"5,300",$103.8200,"$550,246.0000","4,213,890",Form 4,Technology,4874578787.24,"time.struct_time(tm_year=2016, tm_mon=10, tm_mday=26, tm_hour=0, tm_min=0, tm_sec=0, tm_wday=2, tm_yday=300, tm_isdst=-1)",100.33821105957031,99.90013122558594,99.18948364257812,99.82225036621094,98.39122009277344,98.42041778564453,123.42953491210938,118.59870910644531,101.58052825927734
18,26866,26866,26866,26866,Sell,2016-10-26,2016-10-27 20:57:57,SYNNEX CORP,SNX,SILVER STAR DEVEOPMENTS LTD, 10% owner,"5,900",$103.6100,"$611,299.0000","5,458,860",Form 4,Technology,4874578787.24,"time.struct_time(tm_year=2016, tm_mon=10, tm_mday=26, tm_hour=0, tm_min=0, tm_sec=0, tm_wday=2, tm_yday=300, tm_isdst=-1)",100.33821105957031,99.90013122558594,99.18948364257812,99.82225036621094,98.39122009277344,98.42041778564453,123.42953491210938,118.59870910644531,101.58052825927734
19,26867,26867,26867,26867,Sell,2016-10-26,2016-10-27 20:57:57,SYNNEX CORP,SNX,SILVER STAR DEVEOPMENTS LTD, 10% owner,"3,000",$104.0100,"$312,030.0000","5,451,560",Form 4,Technology,4874578787.24,"time.struct_time(tm_year=2016, tm_mon=10, tm_mday=26, tm_hour=0, tm_min=0, tm_sec=0, tm_wday=2, tm_yday=300, tm_isdst=-1)",100.33821105957031,99.90013122558594,99.18948364257812,99.82225036621094,98.39122009277344,98.42041778564453,123.42953491210938,118.59870910644531,101.58052825927734
20,26868,26868,26868,26868,Sell,2016-10-26,2016-10-27 20:57:57,SYNNEX CORP,SNX,MiTAC International CORP, 10% owner,"2,000",$104.1460,"$208,291.0000","5,499,560",Form 4,Technology,4874578787.24,"time.struct_time(tm_year=2016, tm_mon=10, tm_mday=26, tm_hour=0, tm_min=0, tm_sec=0, tm_wday=2, tm_yday=300, tm_isdst=-1)",100.33821105957031,99.90013122558594,99.18948364257812,99.82225036621094,98.39122009277344,98.42041778564453,123.42953491210938,118.59870910644531,101.58052825927734
21,27301,27301,27301,27301,Sell,2016-10-24,2016-10-25 21:32:46,SYNNEX CORP,SNX,PEER DEVELOPMENTS LTD, 10% owner,"7,800",$105.0300,"$819,234.0000","4,299,490",Form 4,Technology,4874578787.24,"time.struct_time(tm_year=2016, tm_mon=10, tm_mday=24, tm_hour=0, tm_min=0, tm_sec=0, tm_wday=0, tm_yday=298, tm_isdst=-1)",102.24626159667969,101.28250122070312,100.33821105957031,99.90013122558594,99.18948364257812,99.82225036621094,119.41871643066406,117.61878967285156,94.98310089111328
22,27302,27302,27302,27302,Sell,2016-10-24,2016-10-25 21:32:46,SYNNEX CORP,SNX,PEER DEVELOPMENTS LTD, 10% owner,"3,100",$105.4200,"$326,802.0000","4,219,190",Form 4,Technology,4874578787.24,"time.struct_time(tm_year=2016, tm_mon=10, tm_mday=24, tm_hour=0, tm_min=0, tm_sec=0, tm_wday=0, tm_yday=298, tm_isdst=-1)",102.24626159667969,101.28250122070312,100.33821105957031,99.90013122558594,99.18948364257812,99.82225036621094,119.41871643066406,117.61878967285156,94.98310089111328
23,27303,27303,27303,27303,Sell,2016-10-24,2016-10-25 21:32:46,SYNNEX CORP,SNX,Synnex Technology International CORP, other,"3,100",$105.1800,"$326,058.0000","4,226,390",Form 4,Technology,4874578787.24,"time.struct_time(tm_year=2016, tm_mon=10, tm_mday=24, tm_hour=0, tm_min=0, tm_sec=0, tm_wday=0, tm_yday=298, tm_isdst=-1)",102.24626159667969,101.28250122070312,100.33821105957031,99.90013122558594,99.18948364257812,99.82225036621094,119.41871643066406,117.61878967285156,94.98310089111328
24,27305,27305,27305,27305,Sell,2016-10-24,2016-10-25 21:17:07,SYNNEX CORP,SNX,SILVER STAR DEVEOPMENTS LTD, 10% owner,"8,721",$105.0300,"$915,967.0000","5,490,170",Form 4,Technology,4874578787.24,"time.struct_time(tm_year=2016, tm_mon=10, tm_mday=24, tm_hour=0, tm_min=0, tm_sec=0, tm_wday=0, tm_yday=298, tm_isdst=-1)",102.24626159667969,101.28250122070312,100.33821105957031,99.90013122558594,99.18948364257812,99.82225036621094,119.41871643066406,117.61878967285156,94.98310089111328
25,27306,27306,27306,27306,Sell,2016-10-24,2016-10-25 21:17:07,SYNNEX CORP,SNX,SILVER STAR DEVEOPMENTS LTD, 10% owner,"4,100",$105.4200,"$432,222.0000","5,470,170",Form 4,Technology,4874578787.24,"time.struct_time(tm_year=2016, tm_mon=10, tm_mday=24, tm_hour=0, tm_min=0, tm_sec=0, tm_wday=0, tm_yday=298, tm_isdst=-1)",102.24626159667969,101.28250122070312,100.33821105957031,99.90013122558594,99.18948364257812,99.82225036621094,119.41871643066406,117.61878967285156,94.98310089111328
26,27307,27307,27307,27307,Sell,2016-10-24,2016-10-25 21:17:07,SYNNEX CORP,SNX,MiTAC International CORP, 10% owner,"6,190",$105.0100,"$650,012.0000","5,499,600",Form 4,Technology,4874578787.24,"time.struct_time(tm_year=2016, tm_mon=10, tm_mday=24, tm_hour=0, tm_min=0, tm_sec=0, tm_wday=0, tm_yday=298, tm_isdst=-1)",102.24626159667969,101.28250122070312,100.33821105957031,99.90013122558594,99.18948364257812,99.82225036621094,119.41871643066406,117.61878967285156,94.98310089111328
27,27308,27308,27308,27308,Sell,2016-10-24,2016-10-25 21:17:07,SYNNEX CORP,SNX,MiTAC International CORP, 10% owner,"1,210",$105.4300,"$127,570.0000","5,468,960",Form 4,Technology,4874578787.24,"time.struct_time(tm_year=2016, tm_mon=10, tm_mday=24, tm_hour=0, tm_min=0, tm_sec=0, tm_wday=0, tm_yday=298, tm_isdst=-1)",102.24626159667969,101.28250122070312,100.33821105957031,99.90013122558594,99.18948364257812,99.82225036621094,119.41871643066406,117.61878967285156,94.98310089111328
28,27350,27350,27350,27350,Sell,2016-10-24,2016-10-25 16:50:40,SYNNEX CORP,SNX,MIAU MATTHEW, director,"5,800",$105.0100,"$609,058.0000","4,241,390",Form 4,Technology,4874578787.24,"time.struct_time(tm_year=2016, tm_mon=10, tm_mday=24, tm_hour=0, tm_min=0, tm_sec=0, tm_wday=0, tm_yday=298, tm_isdst=-1)",102.24626159667969,101.28250122070312,100.33821105957031,99.90013122558594,99.18948364257812,99.82225036621094,119.41871643066406,117.61878967285156,94.98310089111328
29,27351,27351,27351,27351,Sell,2016-10-24,2016-10-25 16:50:40,SYNNEX CORP,SNX,MIAU MATTHEW, director,"13,800",$105.0400,"$1,449,550.0000","5,491,990",Form 4,Technology,4874578787.24,"time.struct_time(tm_year=2016, tm_mon=10, tm_mday=24, tm_hour=0, tm_min=0, tm_sec=0, tm_wday=0, tm_yday=298, tm_isdst=-1)",102.24626159667969,101.28250122070312,100.33821105957031,99.90013122558594,99.18948364257812,99.82225036621094,119.41871643066406,117.61878967285156,94.98310089111328
30,27352,27352,27352,27352,Sell,2016-10-24,2016-10-25 16:50:40,SYNNEX CORP,SNX,MIAU MATTHEW, director,710,$105.0200,"$74,564.2000","5,465,970",Form 4,Technology,4874578787.24,"time.struct_time(tm_year=2016, tm_mon=10, tm_mday=24, tm_hour=0, tm_min=0, tm_sec=0, tm_wday=0, tm_yday=298, tm_isdst=-1)",102.24626159667969,101.28250122070312,100.33821105957031,99.90013122558594,99.18948364257812,99.82225036621094,119.41871643066406,117.61878967285156,94.98310089111328
31,27353,27353,27353,27353,Sell,2016-10-24,2016-10-25 16:50:40,SYNNEX CORP,SNX,MIAU MATTHEW, director,"4,100",$105.4100,"$432,181.0000","4,222,290",Form 4,Technology,4874578787.24,"time.struct_time(tm_year=2016, tm_mon=10, tm_mday=24, tm_hour=0, tm_min=0, tm_sec=0, tm_wday=0, tm_yday=298, tm_isdst=-1)",102.24626159667969,101.28250122070312,100.33821105957031,99.90013122558594,99.18948364257812,99.82225036621094,119.41871643066406,117.61878967285156,94.98310089111328
32,27354,27354,27354,27354,Sell,2016-10-24,2016-10-25 16:50:40,SYNNEX CORP,SNX,MIAU MATTHEW, director,"4,200",$105.4700,"$442,974.0000","5,470,780",Form 4,Technology,4874578787.24,"time.struct_time(tm_year=2016, tm_mon=10, tm_mday=24, tm_hour=0, tm_min=0, tm_sec=0, tm_wday=0, tm_yday=298, tm_isdst=-1)",102.24626159667969,101.28250122070312,100.33821105957031,99.90013122558594,99.18948364257812,99.82225036621094,119.41871643066406,117.61878967285156,94.98310089111328
33,27355,27355,27355,27355,Sell,2016-10-24,2016-10-25 16:50:40,SYNNEX CORP,SNX,MIAU MATTHEW, director,"7,800",$105.0300,"$819,234.0000","4,229,490",Form 4,Technology,4874578787.24,"time.struct_time(tm_year=2016, tm_mon=10, tm_mday=24, tm_hour=0, tm_min=0, tm_sec=0, tm_wday=0, tm_yday=298, tm_isdst=-1)",102.24626159667969,101.28250122070312,100.33821105957031,99.90013122558594,99.18948364257812,99.82225036621094,119.41871643066406,117.61878967285156,94.98310089111328
34,27356,27356,27356,27356,Sell,2016-10-24,2016-10-25 16:50:40,SYNNEX CORP,SNX,MIAU MATTHEW, director,"8,721",$105.0300,"$915,967.0000","5,477,080",Form 4,Technology,4874578787.24,"time.struct_time(tm_year=2016, tm_mon=10, tm_mday=24, tm_hour=0, tm_min=0, tm_sec=0, tm_wday=0, tm_yday=298, tm_isdst=-1)",102.24626159667969,101.28250122070312,100.33821105957031,99.90013122558594,99.18948364257812,99.82225036621094,119.41871643066406,117.61878967285156,94.98310089111328
35,27450,27450,27450,27450,Sell,2016-10-24,2016-10-25 21:32:46,SYNNEX CORP,SNX,Synnex Technology International CORP, other,"4,100",$105.0200,"$430,582.0000","4,237,290",Form 4,Technology,4874578787.24,"time.struct_time(tm_year=2016, tm_mon=10, tm_mday=24, tm_hour=0, tm_min=0, tm_sec=0, tm_wday=0, tm_yday=298, tm_isdst=-1)",102.24626159667969,101.28250122070312,100.33821105957031,99.90013122558594,99.18948364257812,99.82225036621094,119.41871643066406,117.61878967285156,94.98310089111328
36,27451,27451,27451,27451,Sell,2016-10-24,2016-10-25 21:32:46,SYNNEX CORP,SNX,Synnex Technology International CORP, other,"4,100",$105.4100,"$432,181.0000","4,222,290",Form 4,Technology,4874578787.24,"time.struct_time(tm_year=2016, tm_mon=10, tm_mday=24, tm_hour=0, tm_min=0, tm_sec=0, tm_wday=0, tm_yday=298, tm_isdst=-1)",102.24626159667969,101.28250122070312,100.33821105957031,99.90013122558594,99.18948364257812,99.82225036621094,119.41871643066406,117.61878967285156,94.98310089111328
37,27452,27452,27452,27452,Sell,2016-10-24,2016-10-25 21:32:46,SYNNEX CORP,SNX,Synnex Technology International CORP, other,"5,800",$105.0100,"$609,058.0000","4,241,390",Form 4,Technology,4874578787.24,"time.struct_time(tm_year=2016, tm_mon=10, tm_mday=24, tm_hour=0, tm_min=0, tm_sec=0, tm_wday=0, tm_yday=298, tm_isdst=-1)",102.24626159667969,101.28250122070312,100.33821105957031,99.90013122558594,99.18948364257812,99.82225036621094,119.41871643066406,117.61878967285156,94.98310089111328
38,27454,27454,27454,27454,Sell,2016-10-24,2016-10-25 21:17:07,SYNNEX CORP,SNX,MiTAC International CORP, 10% owner,710,$105.0200,"$74,564.2000","5,498,890",Form 4,Technology,4874578787.24,"time.struct_time(tm_year=2016, tm_mon=10, tm_mday=24, tm_hour=0, tm_min=0, tm_sec=0, tm_wday=0, tm_yday=298, tm_isdst=-1)",102.24626159667969,101.28250122070312,100.33821105957031,99.90013122558594,99.18948364257812,99.82225036621094,119.41871643066406,117.61878967285156,94.98310089111328
39,27455,27455,27455,27455,Sell,2016-10-24,2016-10-25 21:17:07,SYNNEX CORP,SNX,MiTAC International CORP, 10% owner,"2,100",$105.1400,"$220,794.0000","5,474,270",Form 4,Technology,4874578787.24,"time.struct_time(tm_year=2016, tm_mon=10, tm_mday=24, tm_hour=0, tm_min=0, tm_sec=0, tm_wday=0, tm_yday=298, tm_isdst=-1)",102.24626159667969,101.28250122070312,100.33821105957031,99.90013122558594,99.18948364257812,99.82225036621094,119.41871643066406,117.61878967285156,94.98310089111328
40,27456,27456,27456,27456,Sell,2016-10-24,2016-10-25 21:17:07,SYNNEX CORP,SNX,MiTAC International CORP, 10% owner,"4,200",$105.4700,"$442,974.0000","5,464,760",Form 4,Technology,4874578787.24,"time.struct_time(tm_year=2016, tm_mon=10, tm_mday=24, tm_hour=0, tm_min=0, tm_sec=0, tm_wday=0, tm_yday=298, tm_isdst=-1)",102.24626159667969,101.28250122070312,100.33821105957031,99.90013122558594,99.18948364257812,99.82225036621094,119.41871643066406,117.61878967285156,94.98310089111328
41,27457,27457,27457,27457,Sell,2016-10-24,2016-10-25 21:17:07,SYNNEX CORP,SNX,MiTAC International CORP, 10% owner,"13,800",$105.0400,"$1,449,550.0000","5,476,370",Form 4,Technology,4874578787.24,"time.struct_time(tm_year=2016, tm_mon=10, tm_mday=24, tm_hour=0, tm_min=0, tm_sec=0, tm_wday=0, tm_yday=298, tm_isdst=-1)",102.24626159667969,101.28250122070312,100.33821105957031,99.90013122558594,99.18948364257812,99.82225036621094,119.41871643066406,117.61878967285156,94.98310089111328
42,27500,27500,27500,27500,Sell,2016-10-24,2016-10-25 16:50:40,SYNNEX CORP,SNX,MIAU MATTHEW, director,"3,100",$105.1800,"$326,058.0000","4,226,390",Form 4,Technology,4874578787.24,"time.struct_time(tm_year=2016, tm_mon=10, tm_mday=24, tm_hour=0, tm_min=0, tm_sec=0, tm_wday=0, tm_yday=298, tm_isdst=-1)",102.24626159667969,101.28250122070312,100.33821105957031,99.90013122558594,99.18948364257812,99.82225036621094,119.41871643066406,117.61878967285156,94.98310089111328
43,27501,27501,27501,27501,Sell,2016-10-24,2016-10-25 16:50:40,SYNNEX CORP,SNX,MIAU MATTHEW, director,"2,100",$105.1400,"$220,794.0000","5,474,980",Form 4,Technology,4874578787.24,"time.struct_time(tm_year=2016, tm_mon=10, tm_mday=24, tm_hour=0, tm_min=0, tm_sec=0, tm_wday=0, tm_yday=298, tm_isdst=-1)",102.24626159667969,101.28250122070312,100.33821105957031,99.90013122558594,99.18948364257812,99.82225036621094,119.41871643066406,117.61878967285156,94.98310089111328
44,27502,27502,27502,27502,Sell,2016-10-24,2016-10-25 16:50:40,SYNNEX CORP,SNX,MIAU MATTHEW, director,"4,100",$105.0200,"$430,582.0000","4,237,290",Form 4,Technology,4874578787.24,"time.struct_time(tm_year=2016, tm_mon=10, tm_mday=24, tm_hour=0, tm_min=0, tm_sec=0, tm_wday=0, tm_yday=298, tm_isdst=-1)",102.24626159667969,101.28250122070312,100.33821105957031,99.90013122558594,99.18948364257812,99.82225036621094,119.41871643066406,117.61878967285156,94.98310089111328
45,27503,27503,27503,27503,Sell,2016-10-24,2016-10-25 16:50:40,SYNNEX CORP,SNX,MIAU MATTHEW, director,"6,190",$105.0100,"$650,012.0000","5,485,800",Form 4,Technology,4874578787.24,"time.struct_time(tm_year=2016, tm_mon=10, tm_mday=24, tm_hour=0, tm_min=0, tm_sec=0, tm_wday=0, tm_yday=298, tm_isdst=-1)",102.24626159667969,101.28250122070312,100.33821105957031,99.90013122558594,99.18948364257812,99.82225036621094,119.41871643066406,117.61878967285156,94.98310089111328
46,27504,27504,27504,27504,Sell,2016-10-24,2016-10-25 16:50:40,SYNNEX CORP,SNX,MIAU MATTHEW, director,"1,210",$105.4300,"$127,570.0000","5,464,760",Form 4,Technology,4874578787.24,"time.struct_time(tm_year=2016, tm_mon=10, tm_mday=24, tm_hour=0, tm_min=0, tm_sec=0, tm_wday=0, tm_yday=298, tm_isdst=-1)",102.24626159667969,101.28250122070312,100.33821105957031,99.90013122558594,99.18948364257812,99.82225036621094,119.41871643066406,117.61878967285156,94.98310089111328
47,27505,27505,27505,27505,Sell,2016-10-24,2016-10-25 16:50:40,SYNNEX CORP,SNX,MIAU MATTHEW, director,"3,100",$105.4200,"$326,802.0000","4,219,190",Form 4,Technology,4874578787.24,"time.struct_time(tm_year=2016, tm_mon=10, tm_mday=24, tm_hour=0, tm_min=0, tm_sec=0, tm_wday=0, tm_yday=298, tm_isdst=-1)",102.24626159667969,101.28250122070312,100.33821105957031,99.90013122558594,99.18948364257812,99.82225036621094,119.41871643066406,117.61878967285156,94.98310089111328
48,27506,27506,27506,27506,Sell,2016-10-24,2016-10-25 16:50:40,SYNNEX CORP,SNX,MIAU MATTHEW, director,"4,100",$105.4200,"$432,222.0000","5,466,680",Form 4,Technology,4874578787.24,"time.struct_time(tm_year=2016, tm_mon=10, tm_mday=24, tm_hour=0, tm_min=0, tm_sec=0, tm_wday=0, tm_yday=298, tm_isdst=-1)",102.24626159667969,101.28250122070312,100.33821105957031,99.90013122558594,99.18948364257812,99.82225036621094,119.41871643066406,117.61878967285156,94.98310089111328
49,27624,27624,27624,27624,Sell,2016-10-24,2016-10-25 09:56:03,SYNNEX CORP,SNX,MIAU MATTHEW, director,"6,000",$105.2080,"$631,250.0000","217,730",Form 4,Technology,4874578787.24,"time.struct_time(tm_year=2016, tm_mon=10, tm_mday=24, tm_hour=0, tm_min=0, tm_sec=0, tm_wday=0, tm_yday=298, tm_isdst=-1)",102.24626159667969,101.28250122070312,100.33821105957031,99.90013122558594,99.18948364257812,99.82225036621094,119.41871643066406,117.61878967285156,94.98310089111328
50,28240,28240,28240,28240,Sell,2016-10-19,2016-10-21 09:14:04,SYNNEX CORP,SNX,Synnex Technology International CORP, other,"2,300",$105.3100,"$242,213.0000","4,251,790",Form 4,Technology,4874578787.24,"time.struct_time(tm_year=2016, tm_mon=10, tm_mday=19, tm_hour=0, tm_min=0, tm_sec=0, tm_wday=2, tm_yday=293, tm_isdst=-1)",101.9444808959961,102.02235412597656,101.91527557373047,102.24626159667969,101.28250122070312,100.33821105957031,114.38575744628906,116.10100555419922,98.12425994873047
51,28241,28241,28241,28241,Sell,2016-10-19,2016-10-21 09:14:04,SYNNEX CORP,SNX,PEER DEVELOPMENTS LTD, 10% owner,"3,484",$105.0300,"$365,925.0000","4,257,500",Form 4,Technology,4874578787.24,"time.struct_time(tm_year=2016, tm_mon=10, tm_mday=19, tm_hour=0, tm_min=0, tm_sec=0, tm_wday=2, tm_yday=293, tm_isdst=-1)",101.9444808959961,102.02235412597656,101.91527557373047,102.24626159667969,101.28250122070312,100.33821105957031,114.38575744628906,116.10100555419922,98.12425994873047
52,28242,28242,28242,28242,Sell,2016-10-19,2016-10-21 09:14:04,SYNNEX CORP,SNX,Synnex Technology International CORP, other,"2,300",$105.6100,"$242,903.0000","4,247,190",Form 4,Technology,4874578787.24,"time.struct_time(tm_year=2016, tm_mon=10, tm_mday=19, tm_hour=0, tm_min=0, tm_sec=0, tm_wday=2, tm_yday=293, tm_isdst=-1)",101.9444808959961,102.02235412597656,101.91527557373047,102.24626159667969,101.28250122070312,100.33821105957031,114.38575744628906,116.10100555419922,98.12425994873047
53,28243,28243,28243,28243,Sell,2016-10-19,2016-10-21 09:04:26,SYNNEX CORP,SNX,SILVER STAR DEVEOPMENTS LTD, 10% owner,"2,300",$105.2400,"$242,052.0000","5,514,400",Form 4,Technology,4874578787.24,"time.struct_time(tm_year=2016, tm_mon=10, tm_mday=19, tm_hour=0, tm_min=0, tm_sec=0, tm_wday=2, tm_yday=293, tm_isdst=-1)",101.9444808959961,102.02235412597656,101.91527557373047,102.24626159667969,101.28250122070312,100.33821105957031,114.38575744628906,116.10100555419922,98.12425994873047
54,28244,28244,28244,28244,Sell,2016-10-19,2016-10-21 09:04:26,SYNNEX CORP,SNX,SILVER STAR DEVEOPMENTS LTD, 10% owner,"1,910",$105.6100,"$201,715.0000","5,505,790",Form 4,Technology,4874578787.24,"time.struct_time(tm_year=2016, tm_mon=10, tm_mday=19, tm_hour=0, tm_min=0, tm_sec=0, tm_wday=2, tm_yday=293, tm_isdst=-1)",101.9444808959961,102.02235412597656,101.91527557373047,102.24626159667969,101.28250122070312,100.33821105957031,114.38575744628906,116.10100555419922,98.12425994873047
55,28245,28245,28245,28245,Sell,2016-10-19,2016-10-21 09:04:26,SYNNEX CORP,SNX,MiTAC International CORP, 10% owner,"3,100",$105.3800,"$326,678.0000","5,511,300",Form 4,Technology,4874578787.24,"time.struct_time(tm_year=2016, tm_mon=10, tm_mday=19, tm_hour=0, tm_min=0, tm_sec=0, tm_wday=2, tm_yday=293, tm_isdst=-1)",101.9444808959961,102.02235412597656,101.91527557373047,102.24626159667969,101.28250122070312,100.33821105957031,114.38575744628906,116.10100555419922,98.12425994873047
56,28321,28321,28321,28321,Sell,2016-10-19,2016-10-20 14:55:56,SYNNEX CORP,SNX,MIAU MATTHEW, director,"3,100",$105.0200,"$325,562.0000","5,509,890",Form 4,Technology,4874578787.24,"time.struct_time(tm_year=2016, tm_mon=10, tm_mday=19, tm_hour=0, tm_min=0, tm_sec=0, tm_wday=2, tm_yday=293, tm_isdst=-1)",101.9444808959961,102.02235412597656,101.91527557373047,102.24626159667969,101.28250122070312,100.33821105957031,114.38575744628906,116.10100555419922,98.12425994873047
57,28322,28322,28322,28322,Sell,2016-10-19,2016-10-20 14:55:56,SYNNEX CORP,SNX,MIAU MATTHEW, director,"3,484",$105.0300,"$365,925.0000","4,248,300",Form 4,Technology,4874578787.24,"time.struct_time(tm_year=2016, tm_mon=10, tm_mday=19, tm_hour=0, tm_min=0, tm_sec=0, tm_wday=2, tm_yday=293, tm_isdst=-1)",101.9444808959961,102.02235412597656,101.91527557373047,102.24626159667969,101.28250122070312,100.33821105957031,114.38575744628906,116.10100555419922,98.12425994873047
58,28323,28323,28323,28323,Sell,2016-10-19,2016-10-20 14:55:56,SYNNEX CORP,SNX,MIAU MATTHEW, director,"4,100",$105.1100,"$430,951.0000","5,505,790",Form 4,Technology,4874578787.24,"time.struct_time(tm_year=2016, tm_mon=10, tm_mday=19, tm_hour=0, tm_min=0, tm_sec=0, tm_wday=2, tm_yday=293, tm_isdst=-1)",101.9444808959961,102.02235412597656,101.91527557373047,102.24626159667969,101.28250122070312,100.33821105957031,114.38575744628906,116.10100555419922,98.12425994873047
59,28324,28324,28324,28324,Sell,2016-10-19,2016-10-20 14:55:56,SYNNEX CORP,SNX,MIAU MATTHEW, director,"1,116",$105.1100,"$117,303.0000","4,247,190",Form 4,Technology,4874578787.24,"time.struct_time(tm_year=2016, tm_mon=10, tm_mday=19, tm_hour=0, tm_min=0, tm_sec=0, tm_wday=2, tm_yday=293, tm_isdst=-1)",101.9444808959961,102.02235412597656,101.91527557373047,102.24626159667969,101.28250122070312,100.33821105957031,114.38575744628906,116.10100555419922,98.12425994873047
60,28325,28325,28325,28325,Sell,2016-10-19,2016-10-20 14:55:56,SYNNEX CORP,SNX,MIAU MATTHEW, director,"3,100",$105.3800,"$326,678.0000","5,512,990",Form 4,Technology,4874578787.24,"time.struct_time(tm_year=2016, tm_mon=10, tm_mday=19, tm_hour=0, tm_min=0, tm_sec=0, tm_wday=2, tm_yday=293, tm_isdst=-1)",101.9444808959961,102.02235412597656,101.91527557373047,102.24626159667969,101.28250122070312,100.33821105957031,114.38575744628906,116.10100555419922,98.12425994873047
61,28326,28326,28326,28326,Sell,2016-10-19,2016-10-20 14:55:56,SYNNEX CORP,SNX,MIAU MATTHEW, director,"2,300",$105.3100,"$242,213.0000","4,251,790",Form 4,Technology,4874578787.24,"time.struct_time(tm_year=2016, tm_mon=10, tm_mday=19, tm_hour=0, tm_min=0, tm_sec=0, tm_wday=2, tm_yday=293, tm_isdst=-1)",101.9444808959961,102.02235412597656,101.91527557373047,102.24626159667969,101.28250122070312,100.33821105957031,114.38575744628906,116.10100555419922,98.12425994873047
62,28389,28389,28389,28389,Sell,2016-10-19,2016-10-21 09:14:04,SYNNEX CORP,SNX,PEER DEVELOPMENTS LTD, 10% owner,"1,116",$105.1100,"$117,303.0000","4,256,390",Form 4,Technology,4874578787.24,"time.struct_time(tm_year=2016, tm_mon=10, tm_mday=19, tm_hour=0, tm_min=0, tm_sec=0, tm_wday=2, tm_yday=293, tm_isdst=-1)",101.9444808959961,102.02235412597656,101.91527557373047,102.24626159667969,101.28250122070312,100.33821105957031,114.38575744628906,116.10100555419922,98.12425994873047
63,28390,28390,28390,28390,Sell,2016-10-19,2016-10-21 09:14:04,SYNNEX CORP,SNX,PEER DEVELOPMENTS LTD, 10% owner,"2,300",$105.4300,"$242,489.0000","4,249,490",Form 4,Technology,4874578787.24,"time.struct_time(tm_year=2016, tm_mon=10, tm_mday=19, tm_hour=0, tm_min=0, tm_sec=0, tm_wday=2, tm_yday=293, tm_isdst=-1)",101.9444808959961,102.02235412597656,101.91527557373047,102.24626159667969,101.28250122070312,100.33821105957031,114.38575744628906,116.10100555419922,98.12425994873047
64,28391,28391,28391,28391,Sell,2016-10-19,2016-10-21 09:14:04,SYNNEX CORP,SNX,Synnex Technology International CORP, other,"2,300",$105.3000,"$242,190.0000","4,254,090",Form 4,Technology,4874578787.24,"time.struct_time(tm_year=2016, tm_mon=10, tm_mday=19, tm_hour=0, tm_min=0, tm_sec=0, tm_wday=2, tm_yday=293, tm_isdst=-1)",101.9444808959961,102.02235412597656,101.91527557373047,102.24626159667969,101.28250122070312,100.33821105957031,114.38575744628906,116.10100555419922,98.12425994873047
65,28392,28392,28392,28392,Sell,2016-10-19,2016-10-21 09:04:26,SYNNEX CORP,SNX,MiTAC International CORP, 10% owner,"4,100",$105.1100,"$430,951.0000","5,516,700",Form 4,Technology,4874578787.24,"time.struct_time(tm_year=2016, tm_mon=10, tm_mday=19, tm_hour=0, tm_min=0, tm_sec=0, tm_wday=2, tm_yday=293, tm_isdst=-1)",101.9444808959961,102.02235412597656,101.91527557373047,102.24626159667969,101.28250122070312,100.33821105957031,114.38575744628906,116.10100555419922,98.12425994873047
66,28393,28393,28393,28393,Sell,2016-10-19,2016-10-21 09:04:26,SYNNEX CORP,SNX,MiTAC International CORP, 10% owner,"3,600",$105.5100,"$379,836.0000","5,507,700",Form 4,Technology,4874578787.24,"time.struct_time(tm_year=2016, tm_mon=10, tm_mday=19, tm_hour=0, tm_min=0, tm_sec=0, tm_wday=2, tm_yday=293, tm_isdst=-1)",101.9444808959961,102.02235412597656,101.91527557373047,102.24626159667969,101.28250122070312,100.33821105957031,114.38575744628906,116.10100555419922,98.12425994873047
67,28394,28394,28394,28394,Sell,2016-10-19,2016-10-21 09:04:26,SYNNEX CORP,SNX,MiTAC International CORP, 10% owner,"3,100",$105.0200,"$325,562.0000","5,520,800",Form 4,Technology,4874578787.24,"time.struct_time(tm_year=2016, tm_mon=10, tm_mday=19, tm_hour=0, tm_min=0, tm_sec=0, tm_wday=2, tm_yday=293, tm_isdst=-1)",101.9444808959961,102.02235412597656,101.91527557373047,102.24626159667969,101.28250122070312,100.33821105957031,114.38575744628906,116.10100555419922,98.12425994873047
68,28470,28470,28470,28470,Sell,2016-10-19,2016-10-20 14:55:56,SYNNEX CORP,SNX,MIAU MATTHEW, director,"1,910",$105.6100,"$201,715.0000","5,519,690",Form 4,Technology,4874578787.24,"time.struct_time(tm_year=2016, tm_mon=10, tm_mday=19, tm_hour=0, tm_min=0, tm_sec=0, tm_wday=2, tm_yday=293, tm_isdst=-1)",101.9444808959961,102.02235412597656,101.91527557373047,102.24626159667969,101.28250122070312,100.33821105957031,114.38575744628906,116.10100555419922,98.12425994873047
69,28471,28471,28471,28471,Sell,2016-10-19,2016-10-20 14:55:56,SYNNEX CORP,SNX,MIAU MATTHEW, director,"2,300",$105.6100,"$242,903.0000","4,256,390",Form 4,Technology,4874578787.24,"time.struct_time(tm_year=2016, tm_mon=10, tm_mday=19, tm_hour=0, tm_min=0, tm_sec=0, tm_wday=2, tm_yday=293, tm_isdst=-1)",101.9444808959961,102.02235412597656,101.91527557373047,102.24626159667969,101.28250122070312,100.33821105957031,114.38575744628906,116.10100555419922,98.12425994873047
70,28472,28472,28472,28472,Sell,2016-10-19,2016-10-20 14:55:56,SYNNEX CORP,SNX,MIAU MATTHEW, director,"3,600",$105.5100,"$379,836.0000","5,516,090",Form 4,Technology,4874578787.24,"time.struct_time(tm_year=2016, tm_mon=10, tm_mday=19, tm_hour=0, tm_min=0, tm_sec=0, tm_wday=2, tm_yday=293, tm_isdst=-1)",101.9444808959961,102.02235412597656,101.91527557373047,102.24626159667969,101.28250122070312,100.33821105957031,114.38575744628906,116.10100555419922,98.12425994873047
71,28473,28473,28473,28473,Sell,2016-10-19,2016-10-20 14:55:56,SYNNEX CORP,SNX,MIAU MATTHEW, director,"2,300",$105.4300,"$242,489.0000","4,254,090",Form 4,Technology,4874578787.24,"time.struct_time(tm_year=2016, tm_mon=10, tm_mday=19, tm_hour=0, tm_min=0, tm_sec=0, tm_wday=2, tm_yday=293, tm_isdst=-1)",101.9444808959961,102.02235412597656,101.91527557373047,102.24626159667969,101.28250122070312,100.33821105957031,114.38575744628906,116.10100555419922,98.12425994873047
72,28474,28474,28474,28474,Sell,2016-10-19,2016-10-20 14:55:56,SYNNEX CORP,SNX,MIAU MATTHEW, director,"2,300",$105.2400,"$242,052.0000","5,521,600",Form 4,Technology,4874578787.24,"time.struct_time(tm_year=2016, tm_mon=10, tm_mday=19, tm_hour=0, tm_min=0, tm_sec=0, tm_wday=2, tm_yday=293, tm_isdst=-1)",101.9444808959961,102.02235412597656,101.91527557373047,102.24626159667969,101.28250122070312,100.33821105957031,114.38575744628906,116.10100555419922,98.12425994873047
73,28475,28475,28475,28475,Sell,2016-10-19,2016-10-20 14:55:56,SYNNEX CORP,SNX,MIAU MATTHEW, director,"2,300",$105.3000,"$242,190.0000","4,258,690",Form 4,Technology,4874578787.24,"time.struct_time(tm_year=2016, tm_mon=10, tm_mday=19, tm_hour=0, tm_min=0, tm_sec=0, tm_wday=2, tm_yday=293, tm_isdst=-1)",101.9444808959961,102.02235412597656,101.91527557373047,102.24626159667969,101.28250122070312,100.33821105957031,114.38575744628906,116.10100555419922,98.12425994873047
74,28501,28501,28501,28501,Sell,2016-10-18,2016-10-20 10:00:50,SYNNEX CORP,SNX,MIAU MATTHEW, director,60,$105.1100,"$6,306.6000","4,271,890",Form 4,Technology,4874578787.24,"time.struct_time(tm_year=2016, tm_mon=10, tm_mday=18, tm_hour=0, tm_min=0, tm_sec=0, tm_wday=1, tm_yday=292, tm_isdst=-1)",101.93473815917969,101.9444808959961,102.02235412597656,101.91527557373047,102.24626159667969,101.28250122070312,113.81139373779297,118.02738189697266,96.46014404296875
75,28502,28502,28502,28502,Sell,2016-10-18,2016-10-20 10:00:50,SYNNEX CORP,SNX,MIAU MATTHEW, director,"4,000",$105.0900,"$420,360.0000","4,267,890",Form 4,Technology,4874578787.24,"time.struct_time(tm_year=2016, tm_mon=10, tm_mday=18, tm_hour=0, tm_min=0, tm_sec=0, tm_wday=1, tm_yday=292, tm_isdst=-1)",101.93473815917969,101.9444808959961,102.02235412597656,101.91527557373047,102.24626159667969,101.28250122070312,113.81139373779297,118.02738189697266,96.46014404296875
76,28503,28503,28503,28503,Sell,2016-10-18,2016-10-20 10:00:50,SYNNEX CORP,SNX,MIAU MATTHEW, director,"6,900",$105.0300,"$724,707.0000","4,260,990",Form 4,Technology,4874578787.24,"time.struct_time(tm_year=2016, tm_mon=10, tm_mday=18, tm_hour=0, tm_min=0, tm_sec=0, tm_wday=1, tm_yday=292, tm_isdst=-1)",101.93473815917969,101.9444808959961,102.02235412597656,101.91527557373047,102.24626159667969,101.28250122070312,113.81139373779297,118.02738189697266,96.46014404296875
77,28518,28518,28518,28518,Sell,2016-10-18,2016-10-19 21:17:22,SYNNEX CORP,SNX,SILVER STAR DEVEOPMENTS LTD, 10% owner,201,$105.2100,"$21,147.2000","5,523,900",Form 4,Technology,4874578787.24,"time.struct_time(tm_year=2016, tm_mon=10, tm_mday=18, tm_hour=0, tm_min=0, tm_sec=0, tm_wday=1, tm_yday=292, tm_isdst=-1)",101.93473815917969,101.9444808959961,102.02235412597656,101.91527557373047,102.24626159667969,101.28250122070312,113.81139373779297,118.02738189697266,96.46014404296875
78,28519,28519,28519,28519,Sell,2016-10-17,2016-10-19 21:14:16,SYNNEX CORP,SNX,MiTAC International CORP, 10% owner,"2,100",$105.0100,"$220,521.0000","5,544,660",Form 4,Technology,4874578787.24,"time.struct_time(tm_year=2016, tm_mon=10, tm_mday=17, tm_hour=0, tm_min=0, tm_sec=0, tm_wday=0, tm_yday=291, tm_isdst=-1)",101.46746063232422,101.93473815917969,101.9444808959961,102.02235412597656,101.91527557373047,102.24626159667969,114.21052551269531,115.20137786865234,95.31790924072266
79,28520,28520,28520,28520,Sell,2016-10-17,2016-10-19 21:14:16,SYNNEX CORP,SNX,MiTAC International CORP, 10% owner,"6,100",$105.5100,"$643,611.0000","5,534,400",Form 4,Technology,4874578787.24,"time.struct_time(tm_year=2016, tm_mon=10, tm_mday=17, tm_hour=0, tm_min=0, tm_sec=0, tm_wday=0, tm_yday=291, tm_isdst=-1)",101.46746063232422,101.93473815917969,101.9444808959961,102.02235412597656,101.91527557373047,102.24626159667969,114.21052551269531,115.20137786865234,95.31790924072266
80,28521,28521,28521,28521,Sell,2016-10-18,2016-10-19 21:07:55,SYNNEX CORP,SNX,PEER DEVELOPMENTS LTD, 10% owner,"6,900",$105.0300,"$724,707.0000","4,265,050",Form 4,Technology,4874578787.24,"time.struct_time(tm_year=2016, tm_mon=10, tm_mday=18, tm_hour=0, tm_min=0, tm_sec=0, tm_wday=1, tm_yday=292, tm_isdst=-1)",101.93473815917969,101.9444808959961,102.02235412597656,101.91527557373047,102.24626159667969,101.28250122070312,113.81139373779297,118.02738189697266,96.46014404296875
81,28522,28522,28522,28522,Sell,2016-10-18,2016-10-19 21:07:55,SYNNEX CORP,SNX,Synnex Technology International CORP, other,"4,000",$105.0900,"$420,360.0000","4,261,050",Form 4,Technology,4874578787.24,"time.struct_time(tm_year=2016, tm_mon=10, tm_mday=18, tm_hour=0, tm_min=0, tm_sec=0, tm_wday=1, tm_yday=292, tm_isdst=-1)",101.93473815917969,101.9444808959961,102.02235412597656,101.91527557373047,102.24626159667969,101.28250122070312,113.81139373779297,118.02738189697266,96.46014404296875
82,28527,28527,28527,28527,Sell,2016-10-17,2016-10-19 21:00:11,SYNNEX CORP,SNX,Synnex Technology International CORP, other,"3,100",$105.3500,"$326,585.0000","4,274,950",Form 4,Technology,4874578787.24,"time.struct_time(tm_year=2016, tm_mon=10, tm_mday=17, tm_hour=0, tm_min=0, tm_sec=0, tm_wday=0, tm_yday=291, tm_isdst=-1)",101.46746063232422,101.93473815917969,101.9444808959961,102.02235412597656,101.91527557373047,102.24626159667969,114.21052551269531,115.20137786865234,95.31790924072266
83,28650,28650,28650,28650,Sell,2016-10-18,2016-10-20 10:00:50,SYNNEX CORP,SNX,MIAU MATTHEW, director,201,$105.2100,"$21,147.2000","5,534,200",Form 4,Technology,4874578787.24,"time.struct_time(tm_year=2016, tm_mon=10, tm_mday=18, tm_hour=0, tm_min=0, tm_sec=0, tm_wday=1, tm_yday=292, tm_isdst=-1)",101.93473815917969,101.9444808959961,102.02235412597656,101.91527557373047,102.24626159667969,101.28250122070312,113.81139373779297,118.02738189697266,96.46014404296875
84,28651,28651,28651,28651,Sell,2016-10-18,2016-10-20 10:00:50,SYNNEX CORP,SNX,MIAU MATTHEW, director,"3,000",$105.0800,"$315,240.0000","5,531,200",Form 4,Technology,4874578787.24,"time.struct_time(tm_year=2016, tm_mon=10, tm_mday=18, tm_hour=0, tm_min=0, tm_sec=0, tm_wday=1, tm_yday=292, tm_isdst=-1)",101.93473815917969,101.9444808959961,102.02235412597656,101.91527557373047,102.24626159667969,101.28250122070312,113.81139373779297,118.02738189697266,96.46014404296875
85,28652,28652,28652,28652,Sell,2016-10-18,2016-10-20 10:00:50,SYNNEX CORP,SNX,MIAU MATTHEW, director,"7,300",$105.0100,"$766,573.0000","5,523,900",Form 4,Technology,4874578787.24,"time.struct_time(tm_year=2016, tm_mon=10, tm_mday=18, tm_hour=0, tm_min=0, tm_sec=0, tm_wday=1, tm_yday=292, tm_isdst=-1)",101.93473815917969,101.9444808959961,102.02235412597656,101.91527557373047,102.24626159667969,101.28250122070312,113.81139373779297,118.02738189697266,96.46014404296875
86,28667,28667,28667,28667,Sell,2016-10-18,2016-10-19 21:17:22,SYNNEX CORP,SNX,MiTAC International CORP, 10% owner,"3,000",$105.0800,"$315,240.0000","5,524,100",Form 4,Technology,4874578787.24,"time.struct_time(tm_year=2016, tm_mon=10, tm_mday=18, tm_hour=0, tm_min=0, tm_sec=0, tm_wday=1, tm_yday=292, tm_isdst=-1)",101.93473815917969,101.9444808959961,102.02235412597656,101.91527557373047,102.24626159667969,101.28250122070312,113.81139373779297,118.02738189697266,96.46014404296875
87,28668,28668,28668,28668,Sell,2016-10-18,2016-10-19 21:17:22,SYNNEX CORP,SNX,MiTAC International CORP, 10% owner,"7,300",$105.0100,"$766,573.0000","5,527,100",Form 4,Technology,4874578787.24,"time.struct_time(tm_year=2016, tm_mon=10, tm_mday=18, tm_hour=0, tm_min=0, tm_sec=0, tm_wday=1, tm_yday=292, tm_isdst=-1)",101.93473815917969,101.9444808959961,102.02235412597656,101.91527557373047,102.24626159667969,101.28250122070312,113.81139373779297,118.02738189697266,96.46014404296875
88,28669,28669,28669,28669,Sell,2016-10-17,2016-10-19 21:14:16,SYNNEX CORP,SNX,SILVER STAR DEVEOPMENTS LTD, 10% owner,"3,300",$105.2100,"$347,193.0000","5,541,360",Form 4,Technology,4874578787.24,"time.struct_time(tm_year=2016, tm_mon=10, tm_mday=17, tm_hour=0, tm_min=0, tm_sec=0, tm_wday=0, tm_yday=291, tm_isdst=-1)",101.46746063232422,101.93473815917969,101.9444808959961,102.02235412597656,101.91527557373047,102.24626159667969,114.21052551269531,115.20137786865234,95.31790924072266
89,28670,28670,28670,28670,Sell,2016-10-17,2016-10-19 21:14:16,SYNNEX CORP,SNX,MiTAC International CORP, 10% owner,863,$105.2400,"$90,822.1000","5,540,500",Form 4,Technology,4874578787.24,"time.struct_time(tm_year=2016, tm_mon=10, tm_mday=17, tm_hour=0, tm_min=0, tm_sec=0, tm_wday=0, tm_yday=291, tm_isdst=-1)",101.46746063232422,101.93473815917969,101.9444808959961,102.02235412597656,101.91527557373047,102.24626159667969,114.21052551269531,115.20137786865234,95.31790924072266
90,28671,28671,28671,28671,Sell,2016-10-18,2016-10-19 21:07:55,SYNNEX CORP,SNX,Synnex Technology International CORP, other,60,$105.1100,"$6,306.6000","4,260,990",Form 4,Technology,4874578787.24,"time.struct_time(tm_year=2016, tm_mon=10, tm_mday=18, tm_hour=0, tm_min=0, tm_sec=0, tm_wday=1, tm_yday=292, tm_isdst=-1)",101.93473815917969,101.9444808959961,102.02235412597656,101.91527557373047,102.24626159667969,101.28250122070312,113.81139373779297,118.02738189697266,96.46014404296875
91,28676,28676,28676,28676,Sell,2016-10-17,2016-10-19 21:00:11,SYNNEX CORP,SNX,Synnex Technology International CORP, other,"3,000",$105.5100,"$316,530.0000","4,271,950",Form 4,Technology,4874578787.24,"time.struct_time(tm_year=2016, tm_mon=10, tm_mday=17, tm_hour=0, tm_min=0, tm_sec=0, tm_wday=0, tm_yday=291, tm_isdst=-1)",101.46746063232422,101.93473815917969,101.9444808959961,102.02235412597656,101.91527557373047,102.24626159667969,114.21052551269531,115.20137786865234,95.31790924072266
92,28677,28677,28677,28677,Sell,2016-10-17,2016-10-19 21:00:11,SYNNEX CORP,SNX,Synnex Technology International CORP, other,500,$105.0100,"$52,505.0000","4,278,050",Form 4,Technology,4874578787.24,"time.struct_time(tm_year=2016, tm_mon=10, tm_mday=17, tm_hour=0, tm_min=0, tm_sec=0, tm_wday=0, tm_yday=291, tm_isdst=-1)",101.46746063232422,101.93473815917969,101.9444808959961,102.02235412597656,101.91527557373047,102.24626159667969,114.21052551269531,115.20137786865234,95.31790924072266
93,28802,28802,28802,28802,Sell,2016-10-17,2016-10-19 13:55:03,SYNNEX CORP,SNX,MIAU MATTHEW, director,"2,100",$105.0100,"$220,521.0000","5,535,260",Form 4,Technology,4874578787.24,"time.struct_time(tm_year=2016, tm_mon=10, tm_mday=17, tm_hour=0, tm_min=0, tm_sec=0, tm_wday=0, tm_yday=291, tm_isdst=-1)",101.46746063232422,101.93473815917969,101.9444808959961,102.02235412597656,101.91527557373047,102.24626159667969,114.21052551269531,115.20137786865234,95.31790924072266
94,28803,28803,28803,28803,Sell,2016-10-17,2016-10-19 13:55:03,SYNNEX CORP,SNX,MIAU MATTHEW, director,"6,100",$105.5100,"$643,611.0000","5,540,660",Form 4,Technology,4874578787.24,"time.struct_time(tm_year=2016, tm_mon=10, tm_mday=17, tm_hour=0, tm_min=0, tm_sec=0, tm_wday=0, tm_yday=291, tm_isdst=-1)",101.46746063232422,101.93473815917969,101.9444808959961,102.02235412597656,101.91527557373047,102.24626159667969,114.21052551269531,115.20137786865234,95.31790924072266
95,28804,28804,28804,28804,Sell,2016-10-17,2016-10-19 13:55:03,SYNNEX CORP,SNX,MIAU MATTHEW, director,"3,100",$105.3500,"$326,585.0000","4,272,450",Form 4,Technology,4874578787.24,"time.struct_time(tm_year=2016, tm_mon=10, tm_mday=17, tm_hour=0, tm_min=0, tm_sec=0, tm_wday=0, tm_yday=291, tm_isdst=-1)",101.46746063232422,101.93473815917969,101.9444808959961,102.02235412597656,101.91527557373047,102.24626159667969,114.21052551269531,115.20137786865234,95.31790924072266
96,28951,28951,28951,28951,Sell,2016-10-17,2016-10-19 13:55:03,SYNNEX CORP,SNX,MIAU MATTHEW, director,500,$105.0100,"$52,505.0000","4,271,950",Form 4,Technology,4874578787.24,"time.struct_time(tm_year=2016, tm_mon=10, tm_mday=17, tm_hour=0, tm_min=0, tm_sec=0, tm_wday=0, tm_yday=291, tm_isdst=-1)",101.46746063232422,101.93473815917969,101.9444808959961,102.02235412597656,101.91527557373047,102.24626159667969,114.21052551269531,115.20137786865234,95.31790924072266
97,28952,28952,28952,28952,Sell,2016-10-17,2016-10-19 13:55:03,SYNNEX CORP,SNX,MIAU MATTHEW, director,"3,000",$105.5100,"$316,530.0000","4,275,550",Form 4,Technology,4874578787.24,"time.struct_time(tm_year=2016, tm_mon=10, tm_mday=17, tm_hour=0, tm_min=0, tm_sec=0, tm_wday=0, tm_yday=291, tm_isdst=-1)",101.46746063232422,101.93473815917969,101.9444808959961,102.02235412597656,101.91527557373047,102.24626159667969,114.21052551269531,115.20137786865234,95.31790924072266
98,28953,28953,28953,28953,Sell,2016-10-17,2016-10-19 13:55:03,SYNNEX CORP,SNX,MIAU MATTHEW, director,863,$105.2400,"$90,822.1000","5,534,400",Form 4,Technology,4874578787.24,"time.struct_time(tm_year=2016, tm_mon=10, tm_mday=17, tm_hour=0, tm_min=0, tm_sec=0, tm_wday=0, tm_yday=291, tm_isdst=-1)",101.46746063232422,101.93473815917969,101.9444808959961,102.02235412597656,101.91527557373047,102.24626159667969,114.21052551269531,115.20137786865234,95.31790924072266
99,28954,28954,28954,28954,Sell,2016-10-17,2016-10-19 13:55:03,SYNNEX CORP,SNX,MIAU MATTHEW, director,"3,300",$105.2100,"$347,193.0000","5,537,360",Form 4,Technology,4874578787.24,"time.struct_time(tm_year=2016, tm_mon=10, tm_mday=17, tm_hour=0, tm_min=0, tm_sec=0, tm_wday=0, tm_yday=291, tm_isdst=-1)",101.46746063232422,101.93473815917969,101.9444808959961,102.02235412597656,101.91527557373047,102.24626159667969,114.21052551269531,115.20137786865234,95.31790924072266
100,29188,29188,29188,29188,Sell,2016-10-14,2016-10-17 21:37:59,SYNNEX CORP,SNX,Synnex Technology International CORP, other,"2,000",$106.8100,"$213,620.0000","4,280,050",Form 4,Technology,4874578787.24,"time.struct_time(tm_year=2016, tm_mon=10, tm_mday=14, tm_hour=0, tm_min=0, tm_sec=0, tm_wday=4, tm_yday=288, tm_isdst=-1)",102.07102966308594,101.46746063232422,101.93473815917969,101.9444808959961,102.02235412597656,101.91527557373047,114.93090057373047,116.71705627441406,116.5871810913086
101,29189,29189,29189,29189,Sell,2016-10-14,2016-10-17 21:37:59,SYNNEX CORP,SNX,Synnex Technology International CORP, other,847,$105.5100,"$89,367.0000","4,282,050",Form 4,Technology,4874578787.24,"time.struct_time(tm_year=2016, tm_mon=10, tm_mday=14, tm_hour=0, tm_min=0, tm_sec=0, tm_wday=4, tm_yday=288, tm_isdst=-1)",102.07102966308594,101.46746063232422,101.93473815917969,101.9444808959961,102.02235412597656,101.91527557373047,114.93090057373047,116.71705627441406,116.5871810913086
102,29190,29190,29190,29190,Sell,2016-10-14,2016-10-17 21:26:48,SYNNEX CORP,SNX,SILVER STAR DEVEOPMENTS LTD, 10% owner,500,$106.9200,"$53,460.0000","5,546,760",Form 4,Technology,4874578787.24,"time.struct_time(tm_year=2016, tm_mon=10, tm_mday=14, tm_hour=0, tm_min=0, tm_sec=0, tm_wday=4, tm_yday=288, tm_isdst=-1)",102.07102966308594,101.46746063232422,101.93473815917969,101.9444808959961,102.02235412597656,101.91527557373047,114.93090057373047,116.71705627441406,116.5871810913086
103,29191,29191,29191,29191,Sell,2016-10-14,2016-10-17 21:26:48,SYNNEX CORP,SNX,MiTAC International CORP, 10% owner,"1,400",$105.5100,"$147,714.0000","5,550,360",Form 4,Technology,4874578787.24,"time.struct_time(tm_year=2016, tm_mon=10, tm_mday=14, tm_hour=0, tm_min=0, tm_sec=0, tm_wday=4, tm_yday=288, tm_isdst=-1)",102.07102966308594,101.46746063232422,101.93473815917969,101.9444808959961,102.02235412597656,101.91527557373047,114.93090057373047,116.71705627441406,116.5871810913086
104,29220,29220,29220,29220,Sell,2016-10-14,2016-10-17 18:33:24,SYNNEX CORP,SNX,MIAU MATTHEW, director,"1,000",$106.8400,"$106,840.0000","5,547,260",Form 4,Technology,4874578787.24,"time.struct_time(tm_year=2016, tm_mon=10, tm_mday=14, tm_hour=0, tm_min=0, tm_sec=0, tm_wday=4, tm_yday=288, tm_isdst=-1)",102.07102966308594,101.46746063232422,101.93473815917969,101.9444808959961,102.02235412597656,101.91527557373047,114.93090057373047,116.71705627441406,116.5871810913086
105,29221,29221,29221,29221,Sell,2016-10-14,2016-10-17 18:33:24,SYNNEX CORP,SNX,MIAU MATTHEW, director,"1,400",$105.5100,"$147,714.0000","5,550,360",Form 4,Technology,4874578787.24,"time.struct_time(tm_year=2016, tm_mon=10, tm_mday=14, tm_hour=0, tm_min=0, tm_sec=0, tm_wday=4, tm_yday=288, tm_isdst=-1)",102.07102966308594,101.46746063232422,101.93473815917969,101.9444808959961,102.02235412597656,101.91527557373047,114.93090057373047,116.71705627441406,116.5871810913086
106,29222,29222,29222,29222,Sell,2016-10-14,2016-10-17 18:33:24,SYNNEX CORP,SNX,MIAU MATTHEW, director,"1,500",$106.8300,"$160,245.0000","4,278,550",Form 4,Technology,4874578787.24,"time.struct_time(tm_year=2016, tm_mon=10, tm_mday=14, tm_hour=0, tm_min=0, tm_sec=0, tm_wday=4, tm_yday=288, tm_isdst=-1)",102.07102966308594,101.46746063232422,101.93473815917969,101.9444808959961,102.02235412597656,101.91527557373047,114.93090057373047,116.71705627441406,116.5871810913086
107,29223,29223,29223,29223,Sell,2016-10-14,2016-10-17 18:33:24,SYNNEX CORP,SNX,MIAU MATTHEW, director,847,$105.5100,"$89,367.0000","4,282,050",Form 4,Technology,4874578787.24,"time.struct_time(tm_year=2016, tm_mon=10, tm_mday=14, tm_hour=0, tm_min=0, tm_sec=0, tm_wday=4, tm_yday=288, tm_isdst=-1)",102.07102966308594,101.46746063232422,101.93473815917969,101.9444808959961,102.02235412597656,101.91527557373047,114.93090057373047,116.71705627441406,116.5871810913086
108,29338,29338,29338,29338,Sell,2016-10-14,2016-10-17 21:37:59,SYNNEX CORP,SNX,PEER DEVELOPMENTS LTD, 10% owner,"1,500",$106.8300,"$160,245.0000","4,278,550",Form 4,Technology,4874578787.24,"time.struct_time(tm_year=2016, tm_mon=10, tm_mday=14, tm_hour=0, tm_min=0, tm_sec=0, tm_wday=4, tm_yday=288, tm_isdst=-1)",102.07102966308594,101.46746063232422,101.93473815917969,101.9444808959961,102.02235412597656,101.91527557373047,114.93090057373047,116.71705627441406,116.5871810913086
109,29339,29339,29339,29339,Sell,2016-10-14,2016-10-17 21:26:48,SYNNEX CORP,SNX,MiTAC International CORP, 10% owner,"1,000",$106.8400,"$106,840.0000","5,547,260",Form 4,Technology,4874578787.24,"time.struct_time(tm_year=2016, tm_mon=10, tm_mday=14, tm_hour=0, tm_min=0, tm_sec=0, tm_wday=4, tm_yday=288, tm_isdst=-1)",102.07102966308594,101.46746063232422,101.93473815917969,101.9444808959961,102.02235412597656,101.91527557373047,114.93090057373047,116.71705627441406,116.5871810913086
110,29340,29340,29340,29340,Sell,2016-10-14,2016-10-17 21:26:48,SYNNEX CORP,SNX,MiTAC International CORP, 10% owner,"2,100",$106.8100,"$224,301.0000","5,548,260",Form 4,Technology,4874578787.24,"time.struct_time(tm_year=2016, tm_mon=10, tm_mday=14, tm_hour=0, tm_min=0, tm_sec=0, tm_wday=4, tm_yday=288, tm_isdst=-1)",102.07102966308594,101.46746063232422,101.93473815917969,101.9444808959961,102.02235412597656,101.91527557373047,114.93090057373047,116.71705627441406,116.5871810913086
111,29370,29370,29370,29370,Sell,2016-10-14,2016-10-17 18:33:24,SYNNEX CORP,SNX,MIAU MATTHEW, director,"2,000",$106.8100,"$213,620.0000","4,280,050",Form 4,Technology,4874578787.24,"time.struct_time(tm_year=2016, tm_mon=10, tm_mday=14, tm_hour=0, tm_min=0, tm_sec=0, tm_wday=4, tm_yday=288, tm_isdst=-1)",102.07102966308594,101.46746063232422,101.93473815917969,101.9444808959961,102.02235412597656,101.91527557373047,114.93090057373047,116.71705627441406,116.5871810913086
112,29371,29371,29371,29371,Sell,2016-10-14,2016-10-17 18:33:24,SYNNEX CORP,SNX,MIAU MATTHEW, director,500,$106.9200,"$53,460.0000","5,546,760",Form 4,Technology,4874578787.24,"time.struct_time(tm_year=2016, tm_mon=10, tm_mday=14, tm_hour=0, tm_min=0, tm_sec=0, tm_wday=4, tm_yday=288, tm_isdst=-1)",102.07102966308594,101.46746063232422,101.93473815917969,101.9444808959961,102.02235412597656,101.91527557373047,114.93090057373047,116.71705627441406,116.5871810913086
113,29372,29372,29372,29372,Sell,2016-10-14,2016-10-17 18:33:24,SYNNEX CORP,SNX,MIAU MATTHEW, director,"2,100",$106.8100,"$224,301.0000","5,548,260",Form 4,Technology,4874578787.24,"time.struct_time(tm_year=2016, tm_mon=10, tm_mday=14, tm_hour=0, tm_min=0, tm_sec=0, tm_wday=4, tm_yday=288, tm_isdst=-1)",102.07102966308594,101.46746063232422,101.93473815917969,101.9444808959961,102.02235412597656,101.91527557373047,114.93090057373047,116.71705627441406,116.5871810913086
114,29714,29714,29714,29714,Sell,2016-10-12,2016-10-14 13:21:58,SYNNEX CORP,SNX,LAROCQUE PETER, officer,"1,000",$106.4690,"$106,469.0000","21,903",Form 4,Technology,4874578787.24,"time.struct_time(tm_year=2016, tm_mon=10, tm_mday=12, tm_hour=0, tm_min=0, tm_sec=0, tm_wday=2, tm_yday=286, tm_isdst=-1)",103.78437805175781,103.24895477294922,102.07102966308594,101.46746063232422,101.93473815917969,101.9444808959961,114.43443298339844,117.30376434326172,113.15061950683594
115,29715,29715,29715,29715,Sell,2016-10-12,2016-10-14 13:21:58,SYNNEX CORP,SNX,LAROCQUE PETER, officer,544,$106.6670,"$58,026.6000","16,903",Form 4,Technology,4874578787.24,"time.struct_time(tm_year=2016, tm_mon=10, tm_mday=12, tm_hour=0, tm_min=0, tm_sec=0, tm_wday=2, tm_yday=286, tm_isdst=-1)",103.78437805175781,103.24895477294922,102.07102966308594,101.46746063232422,101.93473815917969,101.9444808959961,114.43443298339844,117.30376434326172,113.15061950683594
116,29716,29716,29716,29716,Buy,2016-10-12,2016-10-14 13:21:58,SYNNEX CORP,SNX,LAROCQUE PETER, officer,544,$32.4000,"$17,625.6000","26,454",Form 4,Technology,4874578787.24,"time.struct_time(tm_year=2016, tm_mon=10, tm_mday=12, tm_hour=0, tm_min=0, tm_sec=0, tm_wday=2, tm_yday=286, tm_isdst=-1)",103.78437805175781,103.24895477294922,102.07102966308594,101.46746063232422,101.93473815917969,101.9444808959961,114.43443298339844,117.30376434326172,113.15061950683594
117,29717,29717,29717,29717,Sell,2016-10-12,2016-10-14 13:21:58,SYNNEX CORP,SNX,LAROCQUE PETER, officer,"1,000",$106.4960,"$106,496.0000","20,903",Form 4,Technology,4874578787.24,"time.struct_time(tm_year=2016, tm_mon=10, tm_mday=12, tm_hour=0, tm_min=0, tm_sec=0, tm_wday=2, tm_yday=286, tm_isdst=-1)",103.78437805175781,103.24895477294922,102.07102966308594,101.46746063232422,101.93473815917969,101.9444808959961,114.43443298339844,117.30376434326172,113.15061950683594
118,29718,29718,29718,29718,Buy,2016-10-12,2016-10-14 13:21:58,SYNNEX CORP,SNX,LAROCQUE PETER, officer,"6,206",$62.9000,"$390,357.0000","25,356",Form 4,Technology,4874578787.24,"time.struct_time(tm_year=2016, tm_mon=10, tm_mday=12, tm_hour=0, tm_min=0, tm_sec=0, tm_wday=2, tm_yday=286, tm_isdst=-1)",103.78437805175781,103.24895477294922,102.07102966308594,101.46746063232422,101.93473815917969,101.9444808959961,114.43443298339844,117.30376434326172,113.15061950683594
119,29719,29719,29719,29719,Sell,2016-10-12,2016-10-14 13:21:58,SYNNEX CORP,SNX,LAROCQUE PETER, officer,"1,000",$106.4600,"$106,460.0000","22,903",Form 4,Technology,4874578787.24,"time.struct_time(tm_year=2016, tm_mon=10, tm_mday=12, tm_hour=0, tm_min=0, tm_sec=0, tm_wday=2, tm_yday=286, tm_isdst=-1)",103.78437805175781,103.24895477294922,102.07102966308594,101.46746063232422,101.93473815917969,101.9444808959961,114.43443298339844,117.30376434326172,113.15061950683594
120,29720,29720,29720,29720,Sell,2016-10-12,2016-10-14 13:21:58,SYNNEX CORP,SNX,LAROCQUE PETER, officer,554,$106.6670,"$59,093.3000","17,447",Form 4,Technology,4874578787.24,"time.struct_time(tm_year=2016, tm_mon=10, tm_mday=12, tm_hour=0, tm_min=0, tm_sec=0, tm_wday=2, tm_yday=286, tm_isdst=-1)",103.78437805175781,103.24895477294922,102.07102966308594,101.46746063232422,101.93473815917969,101.9444808959961,114.43443298339844,117.30376434326172,113.15061950683594
121,29721,29721,29721,29721,Sell,2016-10-12,2016-10-14 13:21:58,SYNNEX CORP,SNX,LAROCQUE PETER, officer,696,$106.4990,"$74,123.3000","24,207",Form 4,Technology,4874578787.24,"time.struct_time(tm_year=2016, tm_mon=10, tm_mday=12, tm_hour=0, tm_min=0, tm_sec=0, tm_wday=2, tm_yday=286, tm_isdst=-1)",103.78437805175781,103.24895477294922,102.07102966308594,101.46746063232422,101.93473815917969,101.9444808959961,114.43443298339844,117.30376434326172,113.15061950683594
122,29858,29858,29858,29858,Sell,2016-10-13,2016-10-14 14:56:04,SYNNEX CORP,SNX,LAROCQUE PETER, officer,"2,600",$105.8210,"$275,135.0000","14,303",Form 4,Technology,4874578787.24,"time.struct_time(tm_year=2016, tm_mon=10, tm_mday=13, tm_hour=0, tm_min=0, tm_sec=0, tm_wday=3, tm_yday=287, tm_isdst=-1)",103.24895477294922,102.07102966308594,101.46746063232422,101.93473815917969,101.9444808959961,102.02235412597656,115.56367492675781,116.73661041259766,112.68782043457031
123,29864,29864,29864,29864,Sell,2016-10-12,2016-10-14 13:21:58,SYNNEX CORP,SNX,LAROCQUE PETER, officer,"1,000",$106.5720,"$106,572.0000","18,903",Form 4,Technology,4874578787.24,"time.struct_time(tm_year=2016, tm_mon=10, tm_mday=12, tm_hour=0, tm_min=0, tm_sec=0, tm_wday=2, tm_yday=286, tm_isdst=-1)",103.78437805175781,103.24895477294922,102.07102966308594,101.46746063232422,101.93473815917969,101.9444808959961,114.43443298339844,117.30376434326172,113.15061950683594
124,29865,29865,29865,29865,Buy,2016-10-12,2016-10-14 13:21:58,SYNNEX CORP,SNX,LAROCQUE PETER, officer,"2,247",$89.2100,"$200,455.0000","19,150",Form 4,Technology,4874578787.24,"time.struct_time(tm_year=2016, tm_mon=10, tm_mday=12, tm_hour=0, tm_min=0, tm_sec=0, tm_wday=2, tm_yday=286, tm_isdst=-1)",103.78437805175781,103.24895477294922,102.07102966308594,101.46746063232422,101.93473815917969,101.9444808959961,114.43443298339844,117.30376434326172,113.15061950683594
125,29866,29866,29866,29866,Sell,2016-10-12,2016-10-14 13:21:58,SYNNEX CORP,SNX,LAROCQUE PETER, officer,304,$106.4990,"$32,375.7000","23,903",Form 4,Technology,4874578787.24,"time.struct_time(tm_year=2016, tm_mon=10, tm_mday=12, tm_hour=0, tm_min=0, tm_sec=0, tm_wday=2, tm_yday=286, tm_isdst=-1)",103.78437805175781,103.24895477294922,102.07102966308594,101.46746063232422,101.93473815917969,101.9444808959961,114.43443298339844,117.30376434326172,113.15061950683594
126,29867,29867,29867,29867,Sell,2016-10-12,2016-10-14 13:21:58,SYNNEX CORP,SNX,LAROCQUE PETER, officer,902,$106.6670,"$96,213.3000","18,001",Form 4,Technology,4874578787.24,"time.struct_time(tm_year=2016, tm_mon=10, tm_mday=12, tm_hour=0, tm_min=0, tm_sec=0, tm_wday=2, tm_yday=286, tm_isdst=-1)",103.78437805175781,103.24895477294922,102.07102966308594,101.46746063232422,101.93473815917969,101.9444808959961,114.43443298339844,117.30376434326172,113.15061950683594
127,29868,29868,29868,29868,Sell,2016-10-12,2016-10-14 13:21:58,SYNNEX CORP,SNX,LAROCQUE PETER, officer,"1,551",$107.0000,"$165,957.0000","24,903",Form 4,Technology,4874578787.24,"time.struct_time(tm_year=2016, tm_mon=10, tm_mday=12, tm_hour=0, tm_min=0, tm_sec=0, tm_wday=2, tm_yday=286, tm_isdst=-1)",103.78437805175781,103.24895477294922,102.07102966308594,101.46746063232422,101.93473815917969,101.9444808959961,114.43443298339844,117.30376434326172,113.15061950683594
128,29869,29869,29869,29869,Sell,2016-10-12,2016-10-14 13:21:58,SYNNEX CORP,SNX,LAROCQUE PETER, officer,"1,000",$106.5760,"$106,576.0000","19,903",Form 4,Technology,4874578787.24,"time.struct_time(tm_year=2016, tm_mon=10, tm_mday=12, tm_hour=0, tm_min=0, tm_sec=0, tm_wday=2, tm_yday=286, tm_isdst=-1)",103.78437805175781,103.24895477294922,102.07102966308594,101.46746063232422,101.93473815917969,101.9444808959961,114.43443298339844,117.30376434326172,113.15061950683594
129,29870,29870,29870,29870,Buy,2016-10-12,2016-10-14 13:21:58,SYNNEX CORP,SNX,LAROCQUE PETER, officer,554,$61.8300,"$34,253.8000","25,910",Form 4,Technology,4874578787.24,"time.struct_time(tm_year=2016, tm_mon=10, tm_mday=12, tm_hour=0, tm_min=0, tm_sec=0, tm_wday=2, tm_yday=286, tm_isdst=-1)",103.78437805175781,103.24895477294922,102.07102966308594,101.46746063232422,101.93473815917969,101.9444808959961,114.43443298339844,117.30376434326172,113.15061950683594
